{
  "restaurant_name": "مطعم سما الشام",
  "menu": {
    "categories": [
      {
        "name": "فطور",
        "items": [
          {
            "name": "صحن فطور سما الشام مشكل",
            "price": 35.0,
            "description": "فطور متكامل يحتوي على تشكيلة من الأطباق المميزة",
            "metadata": {
              "category": "فطور"
            }
          },
          {
            "name": "صحن فول بالطحينية",
            "price": 17.0,
            "description": "فول مدمس مع طحينة طازجة",
            "metadata": {
              "category": "فطور"
            }
          },
          {
            "name": "صحن فول بالزيت",
            "price": 15.0,
            "description": "فول مدمس مع زيت زيتون",
            "metadata": {
              "category": "فطور"
            }
          },
          {
            "name": "صحن بيض بالجبن",
            "price": 18.0,
            "description": "بيض مقلي مع جبنة",
            "metadata": {
              "category": "فطور"
            }
          },
          {
            "name": "صحن شكشوكة",
            "price": 20.0,
            "description": "بيض مطبوخ مع الطماطم والفلفل والبصل",
            "metadata": {
              "category": "فطور"
            }
          },
          {
            "name": "صحن بيض عيون",
            "price": 15.0,
            "description": "بيض مقلي على الطريقة التقليدية",
            "metadata": {
              "category": "فطور"
            }
          },
          {
            "name": "صحن بيض مسلوق",
            "price": 12.0,
            "description": "بيض مسلوق طازج",
            "metadata": {
              "category": "فطور"
            }
          }
        ]
      },
      {
        "name": "شاورما",
        "items": [
          {
            "name": "شاورما على الفحم عائلي",
            "price": 50.0,
            "description": "شاورما مشوية على الفحم، حجم عائلي",
            "metadata": {
              "category": "شاورما"
            }
          },
          {
            "name": "شاورما جامبو",
            "price": 32.0,
            "description": "شاورما بحجم كبير مع صلصة خاصة",
            "metadata": {
              "category": "شاورما"
            }
          },
          {
            "name": "شاورما لوزينا صغير",
            "price": 17.0,
            "description": "شاورما لوزينا بحجم صغير",
            "metadata": {
              "category": "شاورما"
            }
          },
          {
            "name": "شاورما لوزينا عائلي",
            "price": 45.0,
            "description": "شاورما لوزينا بحجم عائلي",
            "metadata": {
              "category": "شاورما"
            }
          }
        ]
      },
      {
        "name": "سلطات",
        "items": [
          {
            "name": "تبولة",
            "price": 15.0,
            "description": "سلطة تبولة طازجة مع البقدونس والبرغل",
            "metadata": {
              "category": "سلطات"
            }
          },
          {
            "name": "فتوش",
            "price": 15.0,
            "description": "سلطة فتوش مع الخبز المحمص والخضروات الطازجة",
            "metadata": {
              "category": "سلطات"
            }
          }
        ]
      },
      {
        "name": "مقبلات",
        "items": [
          {
            "name": "جبن سائل",
            "price": 18.0,
            "description": "جبن سائل مع الخبز",
            "metadata": {
              "category": "مقبلات"
            }
          },
          {
            "name": "جبن عكاوي",
            "price": 20.0,
            "description": "جبن عكاوي طازج",
            "metadata": {
              "category": "مقبلات"
            }
          },
          {
            "name": "سبانخ",
            "price": 15.0,
            "description": "فطيرة سبانخ طازجة",
            "metadata": {
              "category": "مقبلات"
            }
          }
        ]
      },
      {
        "name": "عربي",
        "items": [
          {
            "name": "عربي لوزينا",
            "price": 25.0,
            "description": "ساندويش عربي لوزينا",
            "metadata": {
              "category": "عربي"
            }
          },
          {
            "name": "عربي لوزينا دبل",
            "price": 35.0,
            "description": "ساندويش عربي لوزينا مضاعف",
            "metadata": {
              "category": "عربي"
            }
          }
        ]
      }
    ]
  }
}